{
  "sticker": {},
  "database": {},
  "game": {},
  "settings": {
    "false": {
      "status": 0,
      "autobio": true,
      "templateImage": false,
      "templateLocation": false,
      "templateGif": false,
      "templateMsg": false,
      "templateList": false,
      "templateDoc": false
    },
    "true": {
      "status": 0,
      "autobio": true,
      "templateImage": false,
      "templateLocation": false,
      "templateGif": false,
      "templateMsg": false,
      "templateList": false,
      "templateDoc": false
    }
  },
  "others": {},
  "users": {
    "777000": {
      "afkTime": -1,
      "afkReason": "",
      "limit": "Infinito"
    },
    "211115739": {
      "afkTime": -1,
      "afkReason": "",
      "limit": "Infinito"
    },
    "315992507": {
      "afkTime": -1,
      "afkReason": "",
      "limit": "Infinito"
    },
    "323889091": {
      "afkTime": -1,
      "afkReason": "",
      "limit": "Infinito"
    },
    "324960086": {
      "afkTime": -1,
      "afkReason": "",
      "limit": "Infinito"
    },
    "331717593": {
      "afkTime": -1,
      "afkReason": "",
      "limit": "Infinito"
    },
    "356039105": {
      "afkTime": -1,
      "afkReason": "",
      "limit": "Infinito"
    },
    "423656967": {
      "afkTime": -1,
      "afkReason": "",
      "limit": "Infinito"
    },
    "510924670": {
      "afkTime": -1,
      "afkReason": "",
      "limit": "Infinito"
    },
    "516266624": {
      "afkTime": -1,
      "afkReason": "",
      "limit": "Infinito"
    },
    "575740785": {
      "afkTime": -1,
      "afkReason": "",
      "limit": "Infinito"
    },
    "623837223": {
      "afkTime": -1,
      "afkReason": "",
      "limit": "Infinito"
    },
    "648848952": {
      "afkTime": -1,
      "afkReason": "",
      "limit": "Infinito"
    },
    "693445869": {
      "afkTime": -1,
      "afkReason": "",
      "limit": "Infinito"
    },
    "701860030": {
      "afkTime": -1,
      "afkReason": "",
      "limit": "Infinito"
    },
    "766702960": {
      "afkTime": -1,
      "afkReason": "",
      "limit": "Infinito"
    },
    "793607451": {
      "afkTime": -1,
      "afkReason": "",
      "limit": "Infinito"
    },
    "812279265": {
      "afkTime": -1,
      "afkReason": "",
      "limit": "Infinito"
    },
    "837214081": {
      "afkTime": -1,
      "afkReason": "",
      "limit": "Infinito"
    },
    "837558270": {
      "afkTime": -1,
      "afkReason": "",
      "limit": "Infinito"
    },
    "861902340": {
      "afkTime": -1,
      "afkReason": "",
      "limit": "Infinito"
    },
    "862370748": {
      "afkTime": -1,
      "afkReason": "",
      "limit": "Infinito"
    },
    "940865680": {
      "afkTime": -1,
      "afkReason": "",
      "limit": "Infinito"
    },
    "955354392": {
      "afkTime": -1,
      "afkReason": "",
      "limit": "Infinito"
    },
    "961413605": {
      "afkTime": -1,
      "afkReason": "",
      "limit": "Infinito"
    },
    "1007866355": {
      "afkTime": -1,
      "afkReason": "",
      "limit": "Infinito"
    },
    "1010558718": {
      "afkTime": -1,
      "afkReason": "",
      "limit": "Infinito"
    },
    "1022298274": {
      "afkTime": -1,
      "afkReason": "",
      "limit": "Infinito"
    },
    "1023444594": {
      "afkTime": -1,
      "afkReason": "",
      "limit": "Infinito"
    },
    "1033917975": {
      "afkTime": -1,
      "afkReason": "",
      "limit": "Infinito"
    },
    "1092616790": {
      "afkTime": -1,
      "afkReason": "",
      "limit": "Infinito"
    },
    "1095273622": {
      "afkTime": -1,
      "afkReason": "",
      "limit": "Infinito"
    },
    "1124964970": {
      "afkTime": -1,
      "afkReason": "",
      "limit": "Infinito"
    },
    "1179947858": {
      "afkTime": -1,
      "afkReason": "",
      "limit": "Infinito"
    },
    "1276675416": {
      "afkTime": -1,
      "afkReason": "",
      "limit": "Infinito"
    },
    "1291294122": {
      "afkTime": -1,
      "afkReason": "",
      "limit": "Infinito"
    },
    "1304205769": {
      "afkTime": -1,
      "afkReason": "",
      "limit": "Infinito"
    },
    "1385005329": {
      "afkTime": -1,
      "afkReason": "",
      "limit": "Infinito"
    },
    "1392821615": {
      "afkTime": -1,
      "afkReason": "",
      "limit": 80
    },
    "1408039533": {
      "afkTime": -1,
      "afkReason": "",
      "limit": "Infinito"
    },
    "1412159385": {
      "afkTime": -1,
      "afkReason": "",
      "limit": "Infinito"
    },
    "1418053577": {
      "afkTime": -1,
      "afkReason": "",
      "limit": "Infinito"
    },
    "1423980899": {
      "afkTime": -1,
      "afkReason": "",
      "limit": "Infinito"
    },
    "1438604885": {
      "afkTime": -1,
      "afkReason": "",
      "limit": "Infinito"
    },
    "1443562304": {
      "afkTime": -1,
      "afkReason": "",
      "limit": "Infinito"
    },
    "1535517165": {
      "afkTime": -1,
      "afkReason": "",
      "limit": "Infinito"
    },
    "1548528783": {
      "afkTime": -1,
      "afkReason": "",
      "limit": "Infinito"
    },
    "1563628568": {
      "afkTime": -1,
      "afkReason": "",
      "limit": "Infinito"
    },
    "1627742918": {
      "afkTime": -1,
      "afkReason": "",
      "limit": "Infinito"
    },
    "1636425248": {
      "afkTime": -1,
      "afkReason": "",
      "limit": "Infinito"
    },
    "1637822356": {
      "afkTime": -1,
      "afkReason": "",
      "limit": "Infinito"
    },
    "1671398211": {
      "afkTime": -1,
      "afkReason": "",
      "limit": "Infinito"
    },
    "1744434424": {
      "afkTime": -1,
      "afkReason": "",
      "limit": "Infinito"
    },
    "1783651312": {
      "afkTime": -1,
      "afkReason": "",
      "limit": "Infinito"
    },
    "1822593355": {
      "afkTime": -1,
      "afkReason": "",
      "limit": "Infinito"
    },
    "1824052939": {
      "afkTime": -1,
      "afkReason": "",
      "limit": 80
    },
    "1840849822": {
      "afkTime": -1,
      "afkReason": "",
      "limit": 80
    },
    "1849483613": {
      "afkTime": -1,
      "afkReason": "",
      "limit": 80
    },
    "1870247700": {
      "afkTime": -1,
      "afkReason": "",
      "limit": "Infinito"
    },
    "1875362674": {
      "afkTime": -1,
      "afkReason": "",
      "limit": "Infinito"
    },
    "1885125402": {
      "afkTime": -1,
      "afkReason": "",
      "limit": "Infinito"
    },
    "1886948629": {
      "afkTime": -1,
      "afkReason": "",
      "limit": "Infinito"
    },
    "1913955432": {
      "afkTime": -1,
      "afkReason": "",
      "limit": "Infinito"
    },
    "1985752798": {
      "afkTime": -1,
      "afkReason": "",
      "limit": "Infinito"
    },
    "2024587485": {
      "afkTime": -1,
      "afkReason": "",
      "limit": "Infinito"
    },
    "2029372230": {
      "afkTime": -1,
      "afkReason": "",
      "limit": "Infinito"
    },
    "2036451307": {
      "afkTime": -1,
      "afkReason": "",
      "limit": "Infinito"
    },
    "2045636718": {
      "afkTime": -1,
      "afkReason": "",
      "limit": "Infinito"
    },
    "2054237659": {
      "afkTime": -1,
      "afkReason": "",
      "limit": "Infinito"
    },
    "2115695829": {
      "afkTime": -1,
      "afkReason": "",
      "limit": "Infinito"
    },
    "2140595840": {
      "afkTime": -1,
      "afkReason": "",
      "limit": "Infinito"
    },
    "2145668321": {
      "afkTime": -1,
      "afkReason": "",
      "limit": 80
    },
    "5509070771 ": {
      "afkTime": -1,
      "afkReason": "",
      "limit": "Infinito"
    },
    "6241961776 ": {
      "afkTime": -1,
      "afkReason": "",
      "limit": "Infinito"
    },
    "1295789484 ": {
      "afkTime": -1,
      "afkReason": "",
      "limit": "Infinito"
    },
    "5663151538 ": {
      "afkTime": -1,
      "afkReason": "",
      "limit": "Infinito"
    },
    "6030734101 ": {
      "afkTime": -1,
      "afkReason": "",
      "limit": "Infinito"
    },
    "5162415386 ": {
      "afkTime": -1,
      "afkReason": "",
      "limit": "Infinito"
    },
    "5294335692 ": {
      "afkTime": -1,
      "afkReason": "",
      "limit": "Infinito"
    },
    "5338748581 ": {
      "afkTime": -1,
      "afkReason": "",
      "limit": "Infinito"
    },
    "1982066752 ": {
      "afkTime": -1,
      "afkReason": "",
      "limit": "Infinito"
    },
    "5176069651 ": {
      "afkTime": -1,
      "afkReason": "",
      "limit": "Infinito"
    },
    "5425969184 ": {
      "afkTime": -1,
      "afkReason": "",
      "limit": 80
    },
    "5504677215 ": {
      "afkTime": -1,
      "afkReason": "",
      "limit": "Infinito"
    },
    "6033662792 ": {
      "afkTime": -1,
      "afkReason": "",
      "limit": "Infinito"
    },
    "1400794981 ": {
      "afkTime": -1,
      "afkReason": "",
      "limit": "Infinito"
    },
    "777000 ": {
      "afkTime": -1,
      "afkReason": "",
      "limit": "Infinito"
    },
    "5525551783 ": {
      "afkTime": -1,
      "afkReason": "",
      "limit": "Infinito"
    },
    "6111440090 ": {
      "afkTime": -1,
      "afkReason": "",
      "limit": "Infinito"
    },
    "6254176038 ": {
      "afkTime": -1,
      "afkReason": "",
      "limit": "Infinito"
    },
    "5180525813 ": {
      "afkTime": -1,
      "afkReason": "",
      "limit": "Infinito"
    },
    "5516916426 ": {
      "afkTime": -1,
      "afkReason": "",
      "limit": "Infinito"
    },
    "6279385258 ": {
      "afkTime": -1,
      "afkReason": "",
      "limit": "Infinito"
    },
    "6273813540 ": {
      "afkTime": -1,
      "afkReason": "",
      "limit": "Infinito"
    },
    "5844444254 ": {
      "afkTime": -1,
      "afkReason": "",
      "limit": "Infinito"
    },
    "6253968525 ": {
      "afkTime": -1,
      "afkReason": "",
      "limit": "Infinito"
    },
    "5961334225 ": {
      "afkTime": -1,
      "afkReason": "",
      "limit": "Infinito"
    },
    "5700564051 ": {
      "afkTime": -1,
      "afkReason": "",
      "limit": 80
    },
    "1307957843 ": {
      "afkTime": -1,
      "afkReason": "",
      "limit": "Infinito"
    },
    "6283420789 ": {
      "afkTime": -1,
      "afkReason": "",
      "limit": "Infinito"
    },
    "5281415476 ": {
      "afkTime": -1,
      "afkReason": "",
      "limit": "Infinito"
    },
    "5992903135 ": {
      "afkTime": -1,
      "afkReason": "",
      "limit": "Infinito"
    },
    "2037453538 ": {
      "afkTime": -1,
      "afkReason": "",
      "limit": "Infinito"
    },
    "5513765164 ": {
      "afkTime": -1,
      "afkReason": "",
      "limit": "Infinito"
    },
    "5864566432 ": {
      "afkTime": -1,
      "afkReason": "",
      "limit": 80
    },
    "5962797605 ": {
      "afkTime": -1,
      "afkReason": "",
      "limit": "Infinito"
    },
    "1518048580 ": {
      "afkTime": -1,
      "afkReason": "",
      "limit": "Infinito"
    },
    "894965074 ": {
      "afkTime": -1,
      "afkReason": "",
      "limit": "Infinito"
    },
    "5107721797 ": {
      "afkTime": -1,
      "afkReason": "",
      "limit": "Infinito"
    },
    "5312378222 ": {
      "afkTime": -1,
      "afkReason": "",
      "limit": "Infinito"
    },
    "5802895657 ": {
      "afkTime": -1,
      "afkReason": "",
      "limit": "Infinito"
    },
    "5436323543 ": {
      "afkTime": -1,
      "afkReason": "",
      "limit": "Infinito"
    },
    "5757392260 ": {
      "afkTime": -1,
      "afkReason": "",
      "limit": "Infinito"
    },
    "1141287726 ": {
      "afkTime": -1,
      "afkReason": "",
      "limit": "Infinito"
    },
    "5809074528 ": {
      "afkTime": -1,
      "afkReason": "",
      "limit": "Infinito"
    },
    "5879948383 ": {
      "afkTime": -1,
      "afkReason": "",
      "limit": 80
    },
    "5519331074 ": {
      "afkTime": -1,
      "afkReason": "",
      "limit": "Infinito"
    },
    "5728391535 ": {
      "afkTime": -1,
      "afkReason": "",
      "limit": "Infinito"
    },
    "6110261018 ": {
      "afkTime": -1,
      "afkReason": "",
      "limit": 80
    },
    "5703174005 ": {
      "afkTime": -1,
      "afkReason": "",
      "limit": 80
    },
    "1660202420 ": {
      "afkTime": -1,
      "afkReason": "",
      "limit": "Infinito"
    },
    "1294164497 ": {
      "afkTime": -1,
      "afkReason": "",
      "limit": 80
    },
    "5641086945 ": {
      "afkTime": -1,
      "afkReason": "",
      "limit": "Infinito"
    },
    "1488654671 ": {
      "afkTime": -1,
      "afkReason": "",
      "limit": 80
    },
    "5586588638 ": {
      "afkTime": -1,
      "afkReason": "",
      "limit": "Infinito"
    },
    "2010777226 ": {
      "afkTime": -1,
      "afkReason": "",
      "limit": "Infinito"
    },
    "5262678053 ": {
      "afkTime": -1,
      "afkReason": "",
      "limit": "Infinito"
    },
    "1043990145 ": {
      "afkTime": -1,
      "afkReason": "",
      "limit": "Infinito"
    },
    "1795049186 ": {
      "afkTime": -1,
      "afkReason": "",
      "limit": "Infinito"
    },
    "5074070453 ": {
      "afkTime": -1,
      "afkReason": "",
      "limit": "Infinito"
    },
    "5789199494 ": {
      "afkTime": -1,
      "afkReason": "",
      "limit": "Infinito"
    },
    "2010609678 ": {
      "afkTime": -1,
      "afkReason": "",
      "limit": "Infinito"
    },
    "6003413988 ": {
      "afkTime": -1,
      "afkReason": "",
      "limit": "Infinito"
    },
    "6146100214 ": {
      "afkTime": -1,
      "afkReason": "",
      "limit": "Infinito"
    },
    "5363593610 ": {
      "afkTime": -1,
      "afkReason": "",
      "limit": "Infinito"
    },
    "5016025171 ": {
      "afkTime": -1,
      "afkReason": "",
      "limit": "Infinito"
    },
    "6165993133 ": {
      "afkTime": -1,
      "afkReason": "",
      "limit": "Infinito"
    },
    "995294561 ": {
      "afkTime": -1,
      "afkReason": "",
      "limit": "Infinito"
    },
    "6256138255 ": {
      "afkTime": -1,
      "afkReason": "",
      "limit": "Infinito"
    },
    "5517570905 ": {
      "afkTime": -1,
      "afkReason": "",
      "limit": 80
    },
    "2145668321 ": {
      "afkTime": -1,
      "afkReason": "",
      "limit": 80
    },
    "7272197295 ": {
      "afkTime": -1,
      "afkReason": "",
      "limit": 80
    },
    "7272197295": {
      "afkTime": -1,
      "afkReason": "",
      "limit": 80
    },
    "7424669291": {
      "afkTime": -1,
      "afkReason": "",
      "limit": 80
    },
    "7596032118": {
      "afkTime": -1,
      "afkReason": "",
      "limit": 80
    },
    "5678591197": {
      "afkTime": -1,
      "afkReason": "",
      "limit": 80
    },
    "7944838795": {
      "afkTime": -1,
      "afkReason": "",
      "limit": 80
    },
    "7466151793": {
      "afkTime": -1,
      "afkReason": "",
      "limit": 80
    },
    "6752623880": {
      "afkTime": -1,
      "afkReason": "",
      "limit": "Infinito"
    },
    "6150530173": {
      "afkTime": -1,
      "afkReason": "",
      "limit": 80
    },
    "7736353379": {
      "afkTime": -1,
      "afkReason": "",
      "limit": "Infinito"
    },
    "5193473835": {
      "afkTime": -1,
      "afkReason": "",
      "limit": "Infinito"
    },
    "6751826408": {
      "afkTime": -1,
      "afkReason": "",
      "limit": "Infinito"
    },
    "7350317680": {
      "afkTime": -1,
      "afkReason": "",
      "limit": "Infinito"
    },
    "7173841951": {
      "afkTime": -1,
      "afkReason": "",
      "limit": "Infinito"
    },
    "5037454462": {
      "afkTime": -1,
      "afkReason": "",
      "limit": "Infinito"
    },
    "7895965702": {
      "afkTime": -1,
      "afkReason": "",
      "limit": "Infinito"
    },
    "5900809936": {
      "afkTime": -1,
      "afkReason": "",
      "limit": "Infinito"
    },
    "6724320154": {
      "afkTime": -1,
      "afkReason": "",
      "limit": 80
    },
    "6686685038": {
      "afkTime": -1,
      "afkReason": "",
      "limit": "Infinito"
    },
    "7237327600": {
      "afkTime": -1,
      "afkReason": "",
      "limit": "Infinito"
    },
    "6661879431": {
      "afkTime": -1,
      "afkReason": "",
      "limit": "Infinito"
    },
    "6791785533": {
      "afkTime": -1,
      "afkReason": "",
      "limit": "Infinito"
    },
    "7168389201": {
      "afkTime": -1,
      "afkReason": "",
      "limit": "Infinito"
    },
    "6430733177": {
      "afkTime": -1,
      "afkReason": "",
      "limit": "Infinito"
    },
    "7415590102": {
      "afkTime": -1,
      "afkReason": "",
      "limit": "Infinito"
    },
    "7174977256": {
      "afkTime": -1,
      "afkReason": "",
      "limit": "Infinito"
    },
    "7388811328": {
      "afkTime": -1,
      "afkReason": "",
      "limit": "Infinito"
    },
    "7541240075": {
      "afkTime": -1,
      "afkReason": "",
      "limit": "Infinito"
    },
    "6332855475": {
      "afkTime": -1,
      "afkReason": "",
      "limit": "Infinito"
    },
    "6830757378": {
      "afkTime": -1,
      "afkReason": "",
      "limit": "Infinito"
    },
    "5640435873": {
      "afkTime": -1,
      "afkReason": "",
      "limit": "Infinito"
    },
    "6878227120": {
      "afkTime": -1,
      "afkReason": "",
      "limit": "Infinito"
    },
    "6387818925": {
      "afkTime": -1,
      "afkReason": "",
      "limit": "Infinito"
    },
    "6387375713": {
      "afkTime": -1,
      "afkReason": "",
      "limit": "Infinito"
    },
    "6320099847": {
      "afkTime": -1,
      "afkReason": "",
      "limit": "Infinito"
    },
    "6082869022": {
      "afkTime": -1,
      "afkReason": "",
      "limit": "Infinito"
    },
    "6679221656": {
      "afkTime": -1,
      "afkReason": "",
      "limit": "Infinito"
    },
    "6548859868": {
      "afkTime": -1,
      "afkReason": "",
      "limit": "Infinito"
    },
    "5740898543": {
      "afkTime": -1,
      "afkReason": "",
      "limit": 80
    },
    "7087392893": {
      "afkTime": -1,
      "afkReason": "",
      "limit": "Infinito"
    },
    "7582416189": {
      "afkTime": -1,
      "afkReason": "",
      "limit": "Infinito"
    },
    "6917963985": {
      "afkTime": -1,
      "afkReason": "",
      "limit": "Infinito"
    },
    "5164836122": {
      "afkTime": -1,
      "afkReason": "",
      "limit": "Infinito"
    },
    "6369958820": {
      "afkTime": -1,
      "afkReason": "",
      "limit": "Infinito"
    },
    "7062497698": {
      "afkTime": -1,
      "afkReason": "",
      "limit": "Infinito"
    },
    "7297930556": {
      "afkTime": -1,
      "afkReason": "",
      "limit": "Infinito"
    },
    "5411519118": {
      "afkTime": -1,
      "afkReason": "",
      "limit": "Infinito"
    },
    "5071445538": {
      "afkTime": -1,
      "afkReason": "",
      "limit": "Infinito"
    },
    "6681751622": {
      "afkTime": -1,
      "afkReason": "",
      "limit": "Infinito"
    },
    "7102895333": {
      "afkTime": -1,
      "afkReason": "",
      "limit": "Infinito"
    },
    "7529949461": {
      "afkTime": -1,
      "afkReason": "",
      "limit": "Infinito"
    },
    "6636136580": {
      "afkTime": -1,
      "afkReason": "",
      "limit": "Infinito"
    },
    "7521323506": {
      "afkTime": -1,
      "afkReason": "",
      "limit": "Infinito"
    },
    "6100866584": {
      "afkTime": -1,
      "afkReason": "",
      "limit": "Infinito"
    },
    "7932142119": {
      "afkTime": -1,
      "afkReason": "",
      "limit": "Infinito"
    },
    "6984280212": {
      "afkTime": -1,
      "afkReason": "",
      "limit": "Infinito"
    },
    "5556758957": {
      "afkTime": -1,
      "afkReason": "",
      "limit": "Infinito"
    },
    "8138717115": {
      "afkTime": -1,
      "afkReason": "",
      "limit": "Infinito"
    },
    "6697654467": {
      "afkTime": -1,
      "afkReason": "",
      "limit": "Infinito"
    },
    "7910654100": {
      "afkTime": -1,
      "afkReason": "",
      "limit": "Infinito"
    },
    "5683021321": {
      "afkTime": -1,
      "afkReason": "",
      "limit": "Infinito"
    },
    "7554278227": {
      "afkTime": -1,
      "afkReason": "",
      "limit": "Infinito"
    },
    "5308698084": {
      "afkTime": -1,
      "afkReason": "",
      "limit": "Infinito"
    },
    "6623995981": {
      "afkTime": -1,
      "afkReason": "",
      "limit": "Infinito"
    },
    "7671589714": {
      "afkTime": -1,
      "afkReason": "",
      "limit": "Infinito"
    },
    "8150913264": {
      "afkTime": -1,
      "afkReason": "",
      "limit": "Infinito"
    },
    "6939893580": {
      "afkTime": -1,
      "afkReason": "",
      "limit": "Infinito"
    },
    "5709168945": {
      "afkTime": -1,
      "afkReason": "",
      "limit": "Infinito"
    },
    "8117410984": {
      "afkTime": -1,
      "afkReason": "",
      "limit": "Infinito"
    },
    "5484133902": {
      "afkTime": -1,
      "afkReason": "",
      "limit": "Infinito"
    },
    "5824296154": {
      "afkTime": -1,
      "afkReason": "",
      "limit": "Infinito"
    },
    "6359108891": {
      "afkTime": -1,
      "afkReason": "",
      "limit": "Infinito"
    },
    "6984169672": {
      "afkTime": -1,
      "afkReason": "",
      "limit": "Infinito"
    },
    "6169365512": {
      "afkTime": -1,
      "afkReason": "",
      "limit": "Infinito"
    },
    "7243681131": {
      "afkTime": -1,
      "afkReason": "",
      "limit": "Infinito"
    },
    "5811478097": {
      "afkTime": -1,
      "afkReason": "",
      "limit": "Infinito"
    },
    "6689075223": {
      "afkTime": -1,
      "afkReason": "",
      "limit": "Infinito"
    },
    "7022769684": {
      "afkTime": -1,
      "afkReason": "",
      "limit": "Infinito"
    },
    "6662304794": {
      "afkTime": -1,
      "afkReason": "",
      "limit": "Infinito"
    },
    "7185170578": {
      "afkTime": -1,
      "afkReason": "",
      "limit": "Infinito"
    },
    "6476227123": {
      "afkTime": -1,
      "afkReason": "",
      "limit": "Infinito"
    },
    "7662887499": {
      "afkTime": -1,
      "afkReason": "",
      "limit": 80
    },
    "6060233263": {
      "afkTime": -1,
      "afkReason": "",
      "limit": "Infinito"
    },
    "7023283836": {
      "afkTime": -1,
      "afkReason": "",
      "limit": "Infinito"
    },
    "6088572276": {
      "afkTime": -1,
      "afkReason": "",
      "limit": "Infinito"
    },
    "6461153498": {
      "afkTime": -1,
      "afkReason": "",
      "limit": "Infinito"
    },
    "7355646051": {
      "afkTime": -1,
      "afkReason": "",
      "limit": 80
    },
    "6922361145": {
      "afkTime": -1,
      "afkReason": "",
      "limit": "Infinito"
    },
    "7193229111": {
      "afkTime": -1,
      "afkReason": "",
      "limit": "Infinito"
    },
    "5585811951": {
      "afkTime": -1,
      "afkReason": "",
      "limit": 80
    },
    "6985554734": {
      "afkTime": -1,
      "afkReason": "",
      "limit": "Infinito"
    },
    "7375704632": {
      "afkTime": -1,
      "afkReason": "",
      "limit": "Infinito"
    },
    "7038076926": {
      "afkTime": -1,
      "afkReason": "",
      "limit": "Infinito"
    },
    "6928487649": {
      "afkTime": -1,
      "afkReason": "",
      "limit": "Infinito"
    },
    "5893427633": {
      "afkTime": -1,
      "afkReason": "",
      "limit": "Infinito"
    },
    "7324794846": {
      "afkTime": -1,
      "afkReason": "",
      "limit": "Infinito"
    },
    "7556486230": {
      "afkTime": -1,
      "afkReason": "",
      "limit": "Infinito"
    },
    "7800963774": {
      "afkTime": -1,
      "afkReason": "",
      "limit": "Infinito"
    },
    "7421472630": {
      "afkTime": -1,
      "afkReason": "",
      "limit": "Infinito"
    },
    "6522627455": {
      "afkTime": -1,
      "afkReason": "",
      "limit": 80
    },
    "5958497998": {
      "afkTime": -1,
      "afkReason": "",
      "limit": "Infinito"
    },
    "6201465501": {
      "afkTime": -1,
      "afkReason": "",
      "limit": "Infinito"
    },
    "7051141217": {
      "afkTime": -1,
      "afkReason": "",
      "limit": "Infinito"
    },
    "6781565976": {
      "afkTime": -1,
      "afkReason": "",
      "limit": "Infinito"
    },
    "7371241119": {
      "afkTime": -1,
      "afkReason": "",
      "limit": 80
    },
    "7230768262": {
      "afkTime": -1,
      "afkReason": "",
      "limit": "Infinito"
    },
    "5053197434": {
      "afkTime": -1,
      "afkReason": "",
      "limit": "Infinito"
    },
    "6610769941": {
      "afkTime": -1,
      "afkReason": "",
      "limit": "Infinito"
    },
    "6961761693": {
      "afkTime": -1,
      "afkReason": "",
      "limit": "Infinito"
    },
    "7081786447": {
      "afkTime": -1,
      "afkReason": "",
      "limit": "Infinito"
    },
    "6514147873": {
      "afkTime": -1,
      "afkReason": "",
      "limit": "Infinito"
    },
    "6841194229": {
      "afkTime": -1,
      "afkReason": "",
      "limit": "Infinito"
    },
    "5925592237": {
      "afkTime": -1,
      "afkReason": "",
      "limit": "Infinito"
    },
    "5852598443": {
      "afkTime": -1,
      "afkReason": "",
      "limit": "Infinito"
    },
    "5429489405": {
      "afkTime": -1,
      "afkReason": "",
      "limit": "Infinito"
    },
    "6814905490": {
      "afkTime": -1,
      "afkReason": "",
      "limit": "Infinito"
    },
    "8173717150": {
      "afkTime": -1,
      "afkReason": "",
      "limit": "Infinito"
    },
    "5709259734": {
      "afkTime": -1,
      "afkReason": "",
      "limit": "Infinito"
    },
    "7423667233": {
      "afkTime": -1,
      "afkReason": "",
      "limit": "Infinito"
    },
    "7824835394": {
      "afkTime": -1,
      "afkReason": "",
      "limit": "Infinito"
    },
    "5547701785": {
      "afkTime": -1,
      "afkReason": "",
      "limit": "Infinito"
    },
    "7391943753": {
      "afkTime": -1,
      "afkReason": "",
      "limit": "Infinito"
    },
    "6971991318": {
      "afkTime": -1,
      "afkReason": "",
      "limit": "Infinito"
    },
    "7908329124": {
      "afkTime": -1,
      "afkReason": "",
      "limit": "Infinito"
    },
    "7210085532": {
      "afkTime": -1,
      "afkReason": "",
      "limit": "Infinito"
    },
    "7306315320": {
      "afkTime": -1,
      "afkReason": "",
      "limit": "Infinito"
    },
    "6928105024": {
      "afkTime": -1,
      "afkReason": "",
      "limit": "Infinito"
    },
    "6254254191": {
      "afkTime": -1,
      "afkReason": "",
      "limit": "Infinito"
    },
    "5548487451": {
      "afkTime": -1,
      "afkReason": "",
      "limit": "Infinito"
    },
    "7118809224": {
      "afkTime": -1,
      "afkReason": "",
      "limit": "Infinito"
    },
    "6999834746": {
      "afkTime": -1,
      "afkReason": "",
      "limit": "Infinito"
    },
    "6336419154": {
      "afkTime": -1,
      "afkReason": "",
      "limit": "Infinito"
    },
    "7478805238": {
      "afkTime": -1,
      "afkReason": "",
      "limit": "Infinito"
    },
    "5689490627": {
      "afkTime": -1,
      "afkReason": "",
      "limit": 80
    },
    "6699117390": {
      "afkTime": -1,
      "afkReason": "",
      "limit": "Infinito"
    },
    "7903551443": {
      "afkTime": -1,
      "afkReason": "",
      "limit": "Infinito"
    },
    "5394116220": {
      "afkTime": -1,
      "afkReason": "",
      "limit": "Infinito"
    },
    "7127313857": {
      "afkTime": -1,
      "afkReason": "",
      "limit": "Infinito"
    },
    "6979657726": {
      "afkTime": -1,
      "afkReason": "",
      "limit": "Infinito"
    },
    "7937362999": {
      "afkTime": -1,
      "afkReason": "",
      "limit": "Infinito"
    },
    "5548537173": {
      "afkTime": -1,
      "afkReason": "",
      "limit": "Infinito"
    },
    "7112619494": {
      "afkTime": -1,
      "afkReason": "",
      "limit": "Infinito"
    },
    "6733416176": {
      "afkTime": -1,
      "afkReason": "",
      "limit": "Infinito"
    },
    "8150447313": {
      "afkTime": -1,
      "afkReason": "",
      "limit": "Infinito"
    },
    "6620915688": {
      "afkTime": -1,
      "afkReason": "",
      "limit": "Infinito"
    },
    "5880849422": {
      "afkTime": -1,
      "afkReason": "",
      "limit": "Infinito"
    },
    "6601296117": {
      "afkTime": -1,
      "afkReason": "",
      "limit": "Infinito"
    },
    "7245015147": {
      "afkTime": -1,
      "afkReason": "",
      "limit": "Infinito"
    },
    "7409832964": {
      "afkTime": -1,
      "afkReason": "",
      "limit": "Infinito"
    },
    "5213496922": {
      "afkTime": -1,
      "afkReason": "",
      "limit": "Infinito"
    },
    "5626973854": {
      "afkTime": -1,
      "afkReason": "",
      "limit": "Infinito"
    },
    "5947455403": {
      "afkTime": -1,
      "afkReason": "",
      "limit": "Infinito"
    },
    "6549151385": {
      "afkTime": -1,
      "afkReason": "",
      "limit": "Infinito"
    },
    "6971669273": {
      "afkTime": -1,
      "afkReason": "",
      "limit": "Infinito"
    },
    "6654497427": {
      "afkTime": -1,
      "afkReason": "",
      "limit": "Infinito"
    },
    "6016757471": {
      "afkTime": -1,
      "afkReason": "",
      "limit": "Infinito"
    },
    "6711083356": {
      "afkTime": -1,
      "afkReason": "",
      "limit": "Infinito"
    },
    "6810992183": {
      "afkTime": -1,
      "afkReason": "",
      "limit": "Infinito"
    },
    "7123531355": {
      "afkTime": -1,
      "afkReason": "",
      "limit": "Infinito"
    },
    "6685716639": {
      "afkTime": -1,
      "afkReason": "",
      "limit": "Infinito"
    },
    "5996247378": {
      "afkTime": -1,
      "afkReason": "",
      "limit": "Infinito"
    },
    "6411047097": {
      "afkTime": -1,
      "afkReason": "",
      "limit": "Infinito"
    },
    "6662088999": {
      "afkTime": -1,
      "afkReason": "",
      "limit": "Infinito"
    },
    "7758977757": {
      "afkTime": -1,
      "afkReason": "",
      "limit": "Infinito"
    },
    "7011239978": {
      "afkTime": -1,
      "afkReason": "",
      "limit": "Infinito"
    },
    "7815657598": {
      "afkTime": -1,
      "afkReason": "",
      "limit": "Infinito"
    },
    "6266257231": {
      "afkTime": -1,
      "afkReason": "",
      "limit": "Infinito"
    },
    "6683767132": {
      "afkTime": -1,
      "afkReason": "",
      "limit": "Infinito"
    },
    "7433482361": {
      "afkTime": -1,
      "afkReason": "",
      "limit": "Infinito"
    },
    "6815827226": {
      "afkTime": -1,
      "afkReason": "",
      "limit": "Infinito"
    },
    "7872182701": {
      "afkTime": -1,
      "afkReason": "",
      "limit": "Infinito"
    },
    "6857081937": {
      "afkTime": -1,
      "afkReason": "",
      "limit": "Infinito"
    },
    "6801360571": {
      "afkTime": -1,
      "afkReason": "",
      "limit": "Infinito"
    },
    "7155192269": {
      "afkTime": -1,
      "afkReason": "",
      "limit": "Infinito"
    },
    "6742842530": {
      "afkTime": -1,
      "afkReason": "",
      "limit": "Infinito"
    },
    "5452558164": {
      "afkTime": -1,
      "afkReason": "",
      "limit": "Infinito"
    },
    "7198017431": {
      "afkTime": -1,
      "afkReason": "",
      "limit": "Infinito"
    },
    "5454205974": {
      "afkTime": -1,
      "afkReason": "",
      "limit": "Infinito"
    },
    "6993058941": {
      "afkTime": -1,
      "afkReason": "",
      "limit": "Infinito"
    },
    "5209939631": {
      "afkTime": -1,
      "afkReason": "",
      "limit": "Infinito"
    },
    "6422945602": {
      "afkTime": -1,
      "afkReason": "",
      "limit": "Infinito"
    },
    "8171198956": {
      "afkTime": -1,
      "afkReason": "",
      "limit": "Infinito"
    },
    "6391483338": {
      "afkTime": -1,
      "afkReason": "",
      "limit": "Infinito"
    },
    "5629308714": {
      "afkTime": -1,
      "afkReason": "",
      "limit": "Infinito"
    },
    "7696765124": {
      "afkTime": -1,
      "afkReason": "",
      "limit": "Infinito"
    },
    "6309120324": {
      "afkTime": -1,
      "afkReason": "",
      "limit": "Infinito"
    },
    "7038273071": {
      "afkTime": -1,
      "afkReason": "",
      "limit": "Infinito"
    },
    "7193829323": {
      "afkTime": -1,
      "afkReason": "",
      "limit": "Infinito"
    },
    "7376659190": {
      "afkTime": -1,
      "afkReason": "",
      "limit": "Infinito"
    },
    "7041075188": {
      "afkTime": -1,
      "afkReason": "",
      "limit": "Infinito"
    },
    "7275986094": {
      "afkTime": -1,
      "afkReason": "",
      "limit": "Infinito"
    },
    "6479807892": {
      "afkTime": -1,
      "afkReason": "",
      "limit": "Infinito"
    },
    "6671499185": {
      "afkTime": -1,
      "afkReason": "",
      "limit": "Infinito"
    },
    "6213678032": {
      "afkTime": -1,
      "afkReason": "",
      "limit": "Infinito"
    },
    "7351792062": {
      "afkTime": -1,
      "afkReason": "",
      "limit": "Infinito"
    },
    "7510272995": {
      "afkTime": -1,
      "afkReason": "",
      "limit": "Infinito"
    },
    "6019452751": {
      "afkTime": -1,
      "afkReason": "",
      "limit": "Infinito"
    },
    "6995594314": {
      "afkTime": -1,
      "afkReason": "",
      "limit": "Infinito"
    },
    "5268706438": {
      "afkTime": -1,
      "afkReason": "",
      "limit": "Infinito"
    },
    "5702090151": {
      "afkTime": -1,
      "afkReason": "",
      "limit": "Infinito"
    },
    "5824743050": {
      "afkTime": -1,
      "afkReason": "",
      "limit": "Infinito"
    },
    "8037935017": {
      "afkTime": -1,
      "afkReason": "",
      "limit": "Infinito"
    },
    "6464722645": {
      "afkTime": -1,
      "afkReason": "",
      "limit": "Infinito"
    },
    "7970748989": {
      "afkTime": -1,
      "afkReason": "",
      "limit": "Infinito"
    },
    "7166055765": {
      "afkTime": -1,
      "afkReason": "",
      "limit": "Infinito"
    },
    "5667549992": {
      "afkTime": -1,
      "afkReason": "",
      "limit": "Infinito"
    },
    "5609063592": {
      "afkTime": -1,
      "afkReason": "",
      "limit": "Infinito"
    },
    "7078313026": {
      "afkTime": -1,
      "afkReason": "",
      "limit": "Infinito"
    },
    "6544211891": {
      "afkTime": -1,
      "afkReason": "",
      "limit": "Infinito"
    },
    "7227406935": {
      "afkTime": -1,
      "afkReason": "",
      "limit": "Infinito"
    },
    "7399118860": {
      "afkTime": -1,
      "afkReason": "",
      "limit": "Infinito"
    },
    "5640811871": {
      "afkTime": -1,
      "afkReason": "",
      "limit": "Infinito"
    },
    "6550917879": {
      "afkTime": -1,
      "afkReason": "",
      "limit": "Infinito"
    },
    "5919232407": {
      "afkTime": -1,
      "afkReason": "",
      "limit": "Infinito"
    },
    "7672253445": {
      "afkTime": -1,
      "afkReason": "",
      "limit": "Infinito"
    },
    "7272204094": {
      "afkTime": -1,
      "afkReason": "",
      "limit": "Infinito"
    },
    "6015128989": {
      "afkTime": -1,
      "afkReason": "",
      "limit": "Infinito"
    },
    "5931411963": {
      "afkTime": -1,
      "afkReason": "",
      "limit": "Infinito"
    },
    "7144166516": {
      "afkTime": -1,
      "afkReason": "",
      "limit": "Infinito"
    },
    "6186060421": {
      "afkTime": -1,
      "afkReason": "",
      "limit": "Infinito"
    },
    "6971767183": {
      "afkTime": -1,
      "afkReason": "",
      "limit": 80
    },
    "7054362250": {
      "afkTime": -1,
      "afkReason": "",
      "limit": "Infinito"
    },
    "7063626590": {
      "afkTime": -1,
      "afkReason": "",
      "limit": "Infinito"
    },
    "7812131871": {
      "afkTime": -1,
      "afkReason": "",
      "limit": "Infinito"
    },
    "6213044565": {
      "afkTime": -1,
      "afkReason": "",
      "limit": "Infinito"
    },
    "7443919941": {
      "afkTime": -1,
      "afkReason": "",
      "limit": "Infinito"
    },
    "6875763770": {
      "afkTime": -1,
      "afkReason": "",
      "limit": "Infinito"
    },
    "6663444875": {
      "afkTime": -1,
      "afkReason": "",
      "limit": "Infinito"
    },
    "8107403401": {
      "afkTime": -1,
      "afkReason": "",
      "limit": "Infinito"
    },
    "6185306200": {
      "afkTime": -1,
      "afkReason": "",
      "limit": "Infinito"
    },
    "5241322134": {
      "afkTime": -1,
      "afkReason": "",
      "limit": "Infinito"
    },
    "7072793844": {
      "afkTime": -1,
      "afkReason": "",
      "limit": "Infinito"
    },
    "7059381889": {
      "afkTime": -1,
      "afkReason": "",
      "limit": "Infinito"
    },
    "8118566440": {
      "afkTime": -1,
      "afkReason": "",
      "limit": "Infinito"
    },
    "7725395766": {
      "afkTime": -1,
      "afkReason": "",
      "limit": "Infinito"
    },
    "7240345584": {
      "afkTime": -1,
      "afkReason": "",
      "limit": "Infinito"
    },
    "6690954140": {
      "afkTime": -1,
      "afkReason": "",
      "limit": "Infinito"
    },
    "6665442745": {
      "afkTime": -1,
      "afkReason": "",
      "limit": "Infinito"
    },
    "6870538846": {
      "afkTime": -1,
      "afkReason": "",
      "limit": "Infinito"
    },
    "6933606524": {
      "afkTime": -1,
      "afkReason": "",
      "limit": "Infinito"
    },
    "7387056271": {
      "afkTime": -1,
      "afkReason": "",
      "limit": "Infinito"
    },
    "5992478617": {
      "afkTime": -1,
      "afkReason": "",
      "limit": "Infinito"
    },
    "7638471735": {
      "afkTime": -1,
      "afkReason": "",
      "limit": "Infinito"
    },
    "6809860755": {
      "afkTime": -1,
      "afkReason": "",
      "limit": "Infinito"
    },
    "6373980812": {
      "afkTime": -1,
      "afkReason": "",
      "limit": "Infinito"
    },
    "7961691929": {
      "afkTime": -1,
      "afkReason": "",
      "limit": "Infinito"
    },
    "6840874588": {
      "afkTime": -1,
      "afkReason": "",
      "limit": "Infinito"
    },
    "6523619723": {
      "afkTime": -1,
      "afkReason": "",
      "limit": "Infinito"
    },
    "5115492884": {
      "afkTime": -1,
      "afkReason": "",
      "limit": "Infinito"
    },
    "6891393105": {
      "afkTime": -1,
      "afkReason": "",
      "limit": "Infinito"
    },
    "7249767058": {
      "afkTime": -1,
      "afkReason": "",
      "limit": "Infinito"
    },
    "5949112902": {
      "afkTime": -1,
      "afkReason": "",
      "limit": "Infinito"
    },
    "7830928538": {
      "afkTime": -1,
      "afkReason": "",
      "limit": "Infinito"
    },
    "6252253876": {
      "afkTime": -1,
      "afkReason": "",
      "limit": "Infinito"
    },
    "6996234408": {
      "afkTime": -1,
      "afkReason": "",
      "limit": "Infinito"
    },
    "8040042537": {
      "afkTime": -1,
      "afkReason": "",
      "limit": "Infinito"
    },
    "6754187485": {
      "afkTime": -1,
      "afkReason": "",
      "limit": "Infinito"
    },
    "7999696652": {
      "afkTime": -1,
      "afkReason": "",
      "limit": "Infinito"
    },
    "6272285209": {
      "afkTime": -1,
      "afkReason": "",
      "limit": "Infinito"
    },
    "6549433693": {
      "afkTime": -1,
      "afkReason": "",
      "limit": "Infinito"
    },
    "6917496756": {
      "afkTime": -1,
      "afkReason": "",
      "limit": "Infinito"
    },
    "6037169860": {
      "afkTime": -1,
      "afkReason": "",
      "limit": "Infinito"
    },
    "5969760053": {
      "afkTime": -1,
      "afkReason": "",
      "limit": "Infinito"
    },
    "6585524028": {
      "afkTime": -1,
      "afkReason": "",
      "limit": "Infinito"
    },
    "5844670903": {
      "afkTime": -1,
      "afkReason": "",
      "limit": "Infinito"
    },
    "7306572437": {
      "afkTime": -1,
      "afkReason": "",
      "limit": "Infinito"
    },
    "6344913287": {
      "afkTime": -1,
      "afkReason": "",
      "limit": "Infinito"
    },
    "5426846215": {
      "afkTime": -1,
      "afkReason": "",
      "limit": "Infinito"
    },
    "5474502604": {
      "afkTime": -1,
      "afkReason": "",
      "limit": "Infinito"
    },
    "5067857087": {
      "afkTime": -1,
      "afkReason": "",
      "limit": "Infinito"
    },
    "6933105657": {
      "afkTime": -1,
      "afkReason": "",
      "limit": "Infinito"
    },
    "7225017671": {
      "afkTime": -1,
      "afkReason": "",
      "limit": "Infinito"
    },
    "7929104471": {
      "afkTime": -1,
      "afkReason": "",
      "limit": "Infinito"
    },
    "5868979741": {
      "afkTime": -1,
      "afkReason": "",
      "limit": "Infinito"
    },
    "7972150038": {
      "afkTime": -1,
      "afkReason": "",
      "limit": "Infinito"
    },
    "6858602738": {
      "afkTime": -1,
      "afkReason": "",
      "limit": "Infinito"
    },
    "7428950030": {
      "afkTime": -1,
      "afkReason": "",
      "limit": "Infinito"
    },
    "6266649738": {
      "afkTime": -1,
      "afkReason": "",
      "limit": "Infinito"
    },
    "5445210870": {
      "afkTime": -1,
      "afkReason": "",
      "limit": "Infinito"
    },
    "6621951042": {
      "afkTime": -1,
      "afkReason": "",
      "limit": "Infinito"
    },
    "5203982255": {
      "afkTime": -1,
      "afkReason": "",
      "limit": "Infinito"
    },
    "7197064423": {
      "afkTime": -1,
      "afkReason": "",
      "limit": "Infinito"
    },
    "7083910890": {
      "afkTime": -1,
      "afkReason": "",
      "limit": 80
    },
    "6514020986": {
      "afkTime": -1,
      "afkReason": "",
      "limit": "Infinito"
    },
    "6750872198": {
      "afkTime": -1,
      "afkReason": "",
      "limit": "Infinito"
    },
    "6574448525": {
      "afkTime": -1,
      "afkReason": "",
      "limit": 80
    },
    "7937769183": {
      "afkTime": -1,
      "afkReason": "",
      "limit": "Infinito"
    },
    "7783144580": {
      "afkTime": -1,
      "afkReason": "",
      "limit": "Infinito"
    },
    "7709625233": {
      "afkTime": -1,
      "afkReason": "",
      "limit": "Infinito"
    },
    "6893004369": {
      "afkTime": -1,
      "afkReason": "",
      "limit": "Infinito"
    },
    "7559983666": {
      "afkTime": -1,
      "afkReason": "",
      "limit": "Infinito"
    },
    "5339585485": {
      "afkTime": -1,
      "afkReason": "",
      "limit": "Infinito"
    },
    "6492978588": {
      "afkTime": -1,
      "afkReason": "",
      "limit": "Infinito"
    },
    "5224791808": {
      "afkTime": -1,
      "afkReason": "",
      "limit": "Infinito"
    },
    "7196670176": {
      "afkTime": -1,
      "afkReason": "",
      "limit": "Infinito"
    },
    "6802749049": {
      "afkTime": -1,
      "afkReason": "",
      "limit": "Infinito"
    },
    "6250288653": {
      "afkTime": -1,
      "afkReason": "",
      "limit": "Infinito"
    },
    "7476522747": {
      "afkTime": -1,
      "afkReason": "",
      "limit": 80
    },
    "6961353065": {
      "afkTime": -1,
      "afkReason": "",
      "limit": "Infinito"
    },
    "6248944893": {
      "afkTime": -1,
      "afkReason": "",
      "limit": "Infinito"
    },
    "7273636697": {
      "afkTime": -1,
      "afkReason": "",
      "limit": "Infinito"
    },
    "6010853093": {
      "afkTime": -1,
      "afkReason": "",
      "limit": "Infinito"
    },
    "6542445326": {
      "afkTime": -1,
      "afkReason": "",
      "limit": "Infinito"
    },
    "7071508955": {
      "afkTime": -1,
      "afkReason": "",
      "limit": "Infinito"
    },
    "6626604575": {
      "afkTime": -1,
      "afkReason": "",
      "limit": "Infinito"
    },
    "5871675107": {
      "afkTime": -1,
      "afkReason": "",
      "limit": "Infinito"
    },
    "7749711598": {
      "afkTime": -1,
      "afkReason": "",
      "limit": "Infinito"
    },
    "7006047438": {
      "afkTime": -1,
      "afkReason": "",
      "limit": "Infinito"
    },
    "5868495037": {
      "afkTime": -1,
      "afkReason": "",
      "limit": "Infinito"
    },
    "7740710517": {
      "afkTime": -1,
      "afkReason": "",
      "limit": "Infinito"
    },
    "5609793897": {
      "afkTime": -1,
      "afkReason": "",
      "limit": "Infinito"
    },
    "6383824240": {
      "afkTime": -1,
      "afkReason": "",
      "limit": "Infinito"
    },
    "6673837953": {
      "afkTime": -1,
      "afkReason": "",
      "limit": "Infinito"
    },
    "7340896521": {
      "afkTime": -1,
      "afkReason": "",
      "limit": "Infinito"
    },
    "7034531127": {
      "afkTime": -1,
      "afkReason": "",
      "limit": "Infinito"
    },
    "8187693773": {
      "afkTime": -1,
      "afkReason": "",
      "limit": "Infinito"
    },
    "8195037145": {
      "afkTime": -1,
      "afkReason": "",
      "limit": "Infinito"
    },
    "7782195522": {
      "afkTime": -1,
      "afkReason": "",
      "limit": "Infinito"
    },
    "7049004729": {
      "afkTime": -1,
      "afkReason": "",
      "limit": "Infinito"
    },
    "5742393127": {
      "afkTime": -1,
      "afkReason": "",
      "limit": "Infinito"
    },
    "5978315709": {
      "afkTime": -1,
      "afkReason": "",
      "limit": 80
    },
    "7151442592": {
      "afkTime": -1,
      "afkReason": "",
      "limit": "Infinito"
    },
    "7023088734": {
      "afkTime": -1,
      "afkReason": "",
      "limit": "Infinito"
    },
    "7779964071": {
      "afkTime": -1,
      "afkReason": "",
      "limit": "Infinito"
    },
    "5089626534": {
      "afkTime": -1,
      "afkReason": "",
      "limit": "Infinito"
    },
    "6030742491": {
      "afkTime": -1,
      "afkReason": "",
      "limit": "Infinito"
    },
    "6149472798": {
      "afkTime": -1,
      "afkReason": "",
      "limit": "Infinito"
    },
    "6114716670": {
      "afkTime": -1,
      "afkReason": "",
      "limit": "Infinito"
    },
    "7371999340": {
      "afkTime": -1,
      "afkReason": "",
      "limit": "Infinito"
    },
    "5233426765": {
      "afkTime": -1,
      "afkReason": "",
      "limit": "Infinito"
    },
    "7878119912": {
      "afkTime": -1,
      "afkReason": "",
      "limit": "Infinito"
    },
    "6513001348": {
      "afkTime": -1,
      "afkReason": "",
      "limit": "Infinito"
    },
    "7865895525": {
      "afkTime": -1,
      "afkReason": "",
      "limit": "Infinito"
    },
    "6100126651": {
      "afkTime": -1,
      "afkReason": "",
      "limit": "Infinito"
    },
    "5969122950": {
      "afkTime": -1,
      "afkReason": "",
      "limit": "Infinito"
    },
    "5983615450": {
      "afkTime": -1,
      "afkReason": "",
      "limit": "Infinito"
    },
    "5552754316": {
      "afkTime": -1,
      "afkReason": "",
      "limit": "Infinito"
    },
    "6462097218": {
      "afkTime": -1,
      "afkReason": "",
      "limit": "Infinito"
    },
    "6442756919": {
      "afkTime": -1,
      "afkReason": "",
      "limit": "Infinito"
    },
    "5719369209": {
      "afkTime": -1,
      "afkReason": "",
      "limit": "Infinito"
    },
    "7367938172": {
      "afkTime": -1,
      "afkReason": "",
      "limit": "Infinito"
    },
    "6190160720": {
      "afkTime": -1,
      "afkReason": "",
      "limit": "Infinito"
    },
    "6896723619": {
      "afkTime": -1,
      "afkReason": "",
      "limit": "Infinito"
    },
    "6912163568": {
      "afkTime": -1,
      "afkReason": "",
      "limit": "Infinito"
    },
    "5714349842": {
      "afkTime": -1,
      "afkReason": "",
      "limit": "Infinito"
    },
    "7168343950": {
      "afkTime": -1,
      "afkReason": "",
      "limit": "Infinito"
    },
    "6620485601": {
      "afkTime": -1,
      "afkReason": "",
      "limit": "Infinito"
    },
    "7652062784": {
      "afkTime": -1,
      "afkReason": "",
      "limit": "Infinito"
    },
    "8000932174": {
      "afkTime": -1,
      "afkReason": "",
      "limit": "Infinito"
    },
    "7153284913": {
      "afkTime": -1,
      "afkReason": "",
      "limit": "Infinito"
    },
    "6216609566": {
      "afkTime": -1,
      "afkReason": "",
      "limit": "Infinito"
    },
    "6864788096": {
      "afkTime": -1,
      "afkReason": "",
      "limit": "Infinito"
    },
    "6658307028": {
      "afkTime": -1,
      "afkReason": "",
      "limit": "Infinito"
    },
    "6464371497": {
      "afkTime": -1,
      "afkReason": "",
      "limit": "Infinito"
    },
    "6495421017": {
      "afkTime": -1,
      "afkReason": "",
      "limit": "Infinito"
    },
    "7057511122": {
      "afkTime": -1,
      "afkReason": "",
      "limit": "Infinito"
    },
    "5875106753": {
      "afkTime": -1,
      "afkReason": "",
      "limit": "Infinito"
    },
    "6113846145": {
      "afkTime": -1,
      "afkReason": "",
      "limit": "Infinito"
    },
    "6623811403": {
      "afkTime": -1,
      "afkReason": "",
      "limit": "Infinito"
    },
    "6529399773": {
      "afkTime": -1,
      "afkReason": "",
      "limit": "Infinito"
    },
    "5174601801": {
      "afkTime": -1,
      "afkReason": "",
      "limit": "Infinito"
    },
    "7388104999": {
      "afkTime": -1,
      "afkReason": "",
      "limit": "Infinito"
    },
    "7199544062": {
      "afkTime": -1,
      "afkReason": "",
      "limit": "Infinito"
    },
    "6720678097": {
      "afkTime": -1,
      "afkReason": "",
      "limit": "Infinito"
    },
    "6283469787": {
      "afkTime": -1,
      "afkReason": "",
      "limit": "Infinito"
    },
    "6386015616": {
      "afkTime": -1,
      "afkReason": "",
      "limit": "Infinito"
    },
    "7075463523": {
      "afkTime": -1,
      "afkReason": "",
      "limit": 80
    },
    "6478719851": {
      "afkTime": -1,
      "afkReason": "",
      "limit": 80
    },
    "6578846039": {
      "afkTime": -1,
      "afkReason": "",
      "limit": 80
    },
    "7501307676": {
      "afkTime": -1,
      "afkReason": "",
      "limit": 80
    },
    "6438827373": {
      "afkTime": -1,
      "afkReason": "",
      "limit": 80
    },
    "7857367357": {
      "afkTime": -1,
      "afkReason": "",
      "limit": 80
    },
    "5968050862": {
      "afkTime": -1,
      "afkReason": "",
      "limit": 80
    },
    "7700320727": {
      "afkTime": -1,
      "afkReason": "",
      "limit": 80
    },
    "7265761373": {
      "afkTime": -1,
      "afkReason": "",
      "limit": 80
    },
    "7242290583": {
      "afkTime": -1,
      "afkReason": "",
      "limit": 80
    },
    "6569803555": {
      "afkTime": -1,
      "afkReason": "",
      "limit": 80
    },
    "7422342024": {
      "afkTime": -1,
      "afkReason": "",
      "limit": 80
    },
    "7038971892": {
      "afkTime": -1,
      "afkReason": "",
      "limit": 80
    },
    "7695888119": {
      "afkTime": -1,
      "afkReason": "",
      "limit": 80
    },
    "5147463198": {
      "afkTime": -1,
      "afkReason": "",
      "limit": 80
    },
    "7210905394": {
      "afkTime": -1,
      "afkReason": "",
      "limit": 80
    },
    "7929107492": {
      "afkTime": -1,
      "afkReason": "",
      "limit": 80
    }
  },
  "chats": {
    "1392821615": {
      "mute": false,
      "chatbot": false,
      "wame": false,
      "antilink": false,
      "antilinkyt": false,
      "isWelcome": false,
      "antilinkall": false,
      "antiytchannel": false,
      "antitiktok": false,
      "antitelegram": false,
      "antiinstagram": false,
      "antifb": false,
      "antibule": false,
      "antiwame": false,
      "antitwitter": false,
      "antisticker": false,
      "antiphoto": false,
      "antivn": false,
      "antivideo": false
    },
    "1488654671": {
      "mute": false,
      "chatbot": false,
      "wame": false,
      "antilink": false,
      "antilinkyt": false,
      "isWelcome": false,
      "antilinkall": false,
      "antiytchannel": false,
      "antitiktok": false,
      "antitelegram": false,
      "antiinstagram": false,
      "antifb": false,
      "antibule": false,
      "antiwame": false,
      "antitwitter": false,
      "antisticker": false,
      "antiphoto": false,
      "antivn": false,
      "antivideo": false,
      "autoblock": false
    },
    "1824052939": {
      "mute": false,
      "chatbot": false,
      "wame": false,
      "antilink": false,
      "antilinkyt": false,
      "isWelcome": false,
      "antilinkall": false,
      "antiytchannel": false,
      "antitiktok": false,
      "antitelegram": false,
      "antiinstagram": false,
      "antifb": false,
      "antibule": false,
      "antiwame": false,
      "antitwitter": false,
      "antisticker": false,
      "antiphoto": false,
      "antivn": false,
      "antivideo": false,
      "autoblock": false
    },
    "1849483613": {
      "mute": false,
      "chatbot": false,
      "wame": false,
      "antilink": false,
      "antilinkyt": false,
      "isWelcome": false,
      "antilinkall": false,
      "antiytchannel": false,
      "antitiktok": false,
      "antitelegram": false,
      "antiinstagram": false,
      "antifb": false,
      "antibule": false,
      "antiwame": false,
      "antitwitter": false,
      "antisticker": false,
      "antiphoto": false,
      "antivn": false,
      "antivideo": false
    },
    "2145668321": {
      "mute": false,
      "chatbot": false,
      "wame": false,
      "antilink": false,
      "antilinkyt": false,
      "isWelcome": false,
      "antilinkall": false,
      "antiytchannel": false,
      "antitiktok": false,
      "antitelegram": false,
      "antiinstagram": false,
      "antifb": false,
      "antibule": false,
      "antiwame": false,
      "antitwitter": false,
      "antisticker": false,
      "antiphoto": false,
      "antivn": false,
      "antivideo": false,
      "autoblock": false
    },
    "-1001896422369": {
      "mute": false,
      "chatbot": false,
      "wame": false,
      "antilink": false,
      "antilinkyt": false,
      "isWelcome": false,
      "antilinkall": false,
      "antiytchannel": false,
      "antitiktok": false,
      "antitelegram": false,
      "antiinstagram": false,
      "antifb": false,
      "antibule": false,
      "antiwame": false,
      "antitwitter": false,
      "antisticker": false,
      "antiphoto": false,
      "antivn": false,
      "antivideo": false,
      "autoblock": false
    },
    "-1001982181499": {
      "mute": false,
      "chatbot": false,
      "wame": false,
      "antilink": false,
      "antilinkyt": false,
      "isWelcome": false,
      "antilinkall": false,
      "antiytchannel": false,
      "antitiktok": false,
      "antitelegram": false,
      "antiinstagram": false,
      "antifb": false,
      "antibule": false,
      "antiwame": false,
      "antitwitter": false,
      "antisticker": false,
      "antiphoto": false,
      "antivn": false,
      "antivideo": false,
      "autoblock": false
    },
    "5509070771": {
      "mute": false,
      "chatbot": false,
      "wame": false,
      "antilink": false,
      "antilinkyt": false,
      "isWelcome": false,
      "antilinkall": false,
      "antiytchannel": false,
      "antitiktok": false,
      "antitelegram": false,
      "antiinstagram": false,
      "antifb": false,
      "antibule": false,
      "antiwame": false,
      "antitwitter": false,
      "antisticker": false,
      "antiphoto": false,
      "antivn": false,
      "antivideo": false,
      "autoblock": false
    },
    "5425969184": {
      "mute": false,
      "chatbot": false,
      "wame": false,
      "antilink": false,
      "antilinkyt": false,
      "isWelcome": false,
      "antilinkall": false,
      "antiytchannel": false,
      "antitiktok": false,
      "antitelegram": false,
      "antiinstagram": false,
      "antifb": false,
      "antibule": false,
      "antiwame": false,
      "antitwitter": false,
      "antisticker": false,
      "antiphoto": false,
      "antivn": false,
      "antivideo": false
    },
    "5700564051": {
      "mute": false,
      "chatbot": false,
      "wame": false,
      "antilink": false,
      "antilinkyt": false,
      "isWelcome": false,
      "antilinkall": false,
      "antiytchannel": false,
      "antitiktok": false,
      "antitelegram": false,
      "antiinstagram": false,
      "antifb": false,
      "antibule": false,
      "antiwame": false,
      "antitwitter": false,
      "antisticker": false,
      "antiphoto": false,
      "antivn": false,
      "antivideo": false
    },
    "5864566432": {
      "mute": false,
      "chatbot": false,
      "wame": false,
      "antilink": false,
      "antilinkyt": false,
      "isWelcome": false,
      "antilinkall": false,
      "antiytchannel": false,
      "antitiktok": false,
      "antitelegram": false,
      "antiinstagram": false,
      "antifb": false,
      "antibule": false,
      "antiwame": false,
      "antitwitter": false,
      "antisticker": false,
      "antiphoto": false,
      "antivn": false,
      "antivideo": false,
      "autoblock": false
    },
    "-1001954559814": {
      "mute": false,
      "chatbot": false,
      "wame": false,
      "antilink": false,
      "antilinkyt": false,
      "isWelcome": false,
      "antilinkall": false,
      "antiytchannel": false,
      "antitiktok": false,
      "antitelegram": false,
      "antiinstagram": false,
      "antifb": false,
      "antibule": false,
      "antiwame": false,
      "antitwitter": false,
      "antisticker": false,
      "antiphoto": false,
      "antivn": false,
      "antivideo": false,
      "autoblock": false
    },
    "-1001850761875": {
      "mute": false,
      "chatbot": false,
      "wame": false,
      "antilink": false,
      "antilinkyt": false,
      "isWelcome": false,
      "antilinkall": false,
      "antiytchannel": false,
      "antitiktok": false,
      "antitelegram": false,
      "antiinstagram": false,
      "antifb": false,
      "antibule": false,
      "antiwame": false,
      "antitwitter": false,
      "antisticker": false,
      "antiphoto": false,
      "antivn": false,
      "antivideo": false,
      "autoblock": false
    },
    "5517570905": {
      "mute": false,
      "chatbot": false,
      "wame": false,
      "antilink": false,
      "antilinkyt": false,
      "isWelcome": false,
      "antilinkall": false,
      "antiytchannel": false,
      "antitiktok": false,
      "antitelegram": false,
      "antiinstagram": false,
      "antifb": false,
      "antibule": false,
      "antiwame": false,
      "antitwitter": false,
      "antisticker": false,
      "antiphoto": false,
      "antivn": false,
      "antivideo": false,
      "autoblock": false
    },
    "7272197295": {
      "mute": false,
      "chatbot": false,
      "wame": false,
      "antilink": false,
      "antilinkyt": false,
      "isWelcome": false,
      "antilinkall": false,
      "antiytchannel": false,
      "antitiktok": false,
      "antitelegram": false,
      "antiinstagram": false,
      "antifb": false,
      "antibule": false,
      "antiwame": false,
      "antitwitter": false,
      "antisticker": false,
      "antiphoto": false,
      "antivn": false,
      "antivideo": false,
      "autoblock": false
    },
    "-4620688436": {
      "mute": false,
      "chatbot": false,
      "wame": false,
      "antilink": false,
      "antilinkyt": false,
      "isWelcome": false,
      "antilinkall": false,
      "antiytchannel": false,
      "antitiktok": false,
      "antitelegram": false,
      "antiinstagram": false,
      "antifb": false,
      "antibule": false,
      "antiwame": false,
      "antitwitter": false,
      "antisticker": false,
      "antiphoto": false,
      "antivn": false,
      "antivideo": false,
      "autoblock": false
    },
    "-1002472194889": {
      "mute": false,
      "chatbot": false,
      "wame": false,
      "antilink": false,
      "antilinkyt": false,
      "isWelcome": false,
      "antilinkall": false,
      "antiytchannel": false,
      "antitiktok": false,
      "antitelegram": false,
      "antiinstagram": false,
      "antifb": false,
      "antibule": false,
      "antiwame": false,
      "antitwitter": false,
      "antisticker": false,
      "antiphoto": false,
      "antivn": false,
      "antivideo": false,
      "autoblock": false
    },
    "-1002366077784": {
      "mute": false,
      "chatbot": false,
      "wame": false,
      "antilink": false,
      "antilinkyt": false,
      "isWelcome": false,
      "antilinkall": false,
      "antiytchannel": false,
      "antitiktok": false,
      "antitelegram": false,
      "antiinstagram": false,
      "antifb": false,
      "antibule": false,
      "antiwame": false,
      "antitwitter": false,
      "antisticker": false,
      "antiphoto": false,
      "antivn": false,
      "antivideo": false,
      "autoblock": false
    },
    "-4729509316": {
      "mute": false,
      "chatbot": false,
      "wame": false,
      "antilink": false,
      "antilinkyt": false,
      "isWelcome": false,
      "antilinkall": false,
      "antiytchannel": false,
      "antitiktok": false,
      "antitelegram": false,
      "antiinstagram": false,
      "antifb": false,
      "antibule": false,
      "antiwame": false,
      "antitwitter": false,
      "antisticker": false,
      "antiphoto": false,
      "antivn": false,
      "antivideo": false,
      "autoblock": false
    },
    "7596032118": {
      "mute": false,
      "chatbot": false,
      "wame": false,
      "antilink": false,
      "antilinkyt": false,
      "isWelcome": false,
      "antilinkall": false,
      "antiytchannel": false,
      "antitiktok": false,
      "antitelegram": false,
      "antiinstagram": false,
      "antifb": false,
      "antibule": false,
      "antiwame": false,
      "antitwitter": false,
      "antisticker": false,
      "antiphoto": false,
      "antivn": false,
      "antivideo": false,
      "autoblock": false
    },
    "5678591197": {
      "mute": false,
      "chatbot": false,
      "wame": false,
      "antilink": false,
      "antilinkyt": false,
      "isWelcome": false,
      "antilinkall": false,
      "antiytchannel": false,
      "antitiktok": false,
      "antitelegram": false,
      "antiinstagram": false,
      "antifb": false,
      "antibule": false,
      "antiwame": false,
      "antitwitter": false,
      "antisticker": false,
      "antiphoto": false,
      "antivn": false,
      "antivideo": false,
      "autoblock": false
    },
    "-1002052846078": {
      "mute": false,
      "chatbot": false,
      "wame": false,
      "antilink": false,
      "antilinkyt": false,
      "isWelcome": false,
      "antilinkall": false,
      "antiytchannel": false,
      "antitiktok": false,
      "antitelegram": false,
      "antiinstagram": false,
      "antifb": false,
      "antibule": false,
      "antiwame": false,
      "antitwitter": false,
      "antisticker": false,
      "antiphoto": false,
      "antivn": false,
      "antivideo": false,
      "autoblock": false
    },
    "-1002313917689": {
      "mute": false,
      "chatbot": false,
      "wame": false,
      "antilink": false,
      "antilinkyt": false,
      "isWelcome": false,
      "antilinkall": false,
      "antiytchannel": false,
      "antitiktok": false,
      "antitelegram": false,
      "antiinstagram": false,
      "antifb": false,
      "antibule": false,
      "antiwame": false,
      "antitwitter": false,
      "antisticker": false,
      "antiphoto": false,
      "antivn": false,
      "antivideo": false,
      "autoblock": false
    },
    "7466151793": {
      "mute": false,
      "chatbot": false,
      "wame": false,
      "antilink": false,
      "antilinkyt": false,
      "isWelcome": false,
      "antilinkall": false,
      "antiytchannel": false,
      "antitiktok": false,
      "antitelegram": false,
      "antiinstagram": false,
      "antifb": false,
      "antibule": false,
      "antiwame": false,
      "antitwitter": false,
      "antisticker": false,
      "antiphoto": false,
      "antivn": false,
      "antivideo": false
    },
    "7944838795": {
      "mute": false,
      "chatbot": false,
      "wame": false,
      "antilink": false,
      "antilinkyt": false,
      "isWelcome": false,
      "antilinkall": false,
      "antiytchannel": false,
      "antitiktok": false,
      "antitelegram": false,
      "antiinstagram": false,
      "antifb": false,
      "antibule": false,
      "antiwame": false,
      "antitwitter": false,
      "antisticker": false,
      "antiphoto": false,
      "antivn": false,
      "antivideo": false
    },
    "-1002215287888": {
      "mute": false,
      "chatbot": false,
      "wame": false,
      "antilink": false,
      "antilinkyt": false,
      "isWelcome": false,
      "antilinkall": false,
      "antiytchannel": false,
      "antitiktok": false,
      "antitelegram": false,
      "antiinstagram": false,
      "antifb": false,
      "antibule": false,
      "antiwame": false,
      "antitwitter": false,
      "antisticker": false,
      "antiphoto": false,
      "antivn": false,
      "antivideo": false,
      "autoblock": false
    },
    "-1002460368977": {
      "mute": false,
      "chatbot": false,
      "wame": false,
      "antilink": false,
      "antilinkyt": false,
      "isWelcome": false,
      "antilinkall": false,
      "antiytchannel": false,
      "antitiktok": false,
      "antitelegram": false,
      "antiinstagram": false,
      "antifb": false,
      "antibule": false,
      "antiwame": false,
      "antitwitter": false,
      "antisticker": false,
      "antiphoto": false,
      "antivn": false,
      "antivideo": false,
      "autoblock": false
    },
    "-1001988021688": {
      "mute": false,
      "chatbot": false,
      "wame": false,
      "antilink": false,
      "antilinkyt": false,
      "isWelcome": false,
      "antilinkall": false,
      "antiytchannel": false,
      "antitiktok": false,
      "antitelegram": false,
      "antiinstagram": false,
      "antifb": false,
      "antibule": false,
      "antiwame": false,
      "antitwitter": false,
      "antisticker": false,
      "antiphoto": false,
      "antivn": false,
      "antivideo": false,
      "autoblock": false
    },
    "7662887499": {
      "mute": false,
      "chatbot": false,
      "wame": false,
      "antilink": false,
      "antilinkyt": false,
      "isWelcome": false,
      "antilinkall": false,
      "antiytchannel": false,
      "antitiktok": false,
      "antitelegram": false,
      "antiinstagram": false,
      "antifb": false,
      "antibule": false,
      "antiwame": false,
      "antitwitter": false,
      "antisticker": false,
      "antiphoto": false,
      "antivn": false,
      "antivideo": false,
      "autoblock": false
    },
    "7355646051": {
      "mute": false,
      "chatbot": false,
      "wame": false,
      "antilink": false,
      "antilinkyt": false,
      "isWelcome": false,
      "antilinkall": false,
      "antiytchannel": false,
      "antitiktok": false,
      "antitelegram": false,
      "antiinstagram": false,
      "antifb": false,
      "antibule": false,
      "antiwame": false,
      "antitwitter": false,
      "antisticker": false,
      "antiphoto": false,
      "antivn": false,
      "antivideo": false,
      "autoblock": false
    },
    "5585811951": {
      "mute": false,
      "chatbot": false,
      "wame": false,
      "antilink": false,
      "antilinkyt": false,
      "isWelcome": false,
      "antilinkall": false,
      "antiytchannel": false,
      "antitiktok": false,
      "antitelegram": false,
      "antiinstagram": false,
      "antifb": false,
      "antibule": false,
      "antiwame": false,
      "antitwitter": false,
      "antisticker": false,
      "antiphoto": false,
      "antivn": false,
      "antivideo": false
    },
    "5740898543": {
      "mute": false,
      "chatbot": false,
      "wame": false,
      "antilink": false,
      "antilinkyt": false,
      "isWelcome": false,
      "antilinkall": false,
      "antiytchannel": false,
      "antitiktok": false,
      "antitelegram": false,
      "antiinstagram": false,
      "antifb": false,
      "antibule": false,
      "antiwame": false,
      "antitwitter": false,
      "antisticker": false,
      "antiphoto": false,
      "antivn": false,
      "antivideo": false
    },
    "6522627455": {
      "mute": false,
      "chatbot": false,
      "wame": false,
      "antilink": false,
      "antilinkyt": false,
      "isWelcome": false,
      "antilinkall": false,
      "antiytchannel": false,
      "antitiktok": false,
      "antitelegram": false,
      "antiinstagram": false,
      "antifb": false,
      "antibule": false,
      "antiwame": false,
      "antitwitter": false,
      "antisticker": false,
      "antiphoto": false,
      "antivn": false,
      "antivideo": false,
      "autoblock": false
    },
    "7371241119": {
      "mute": false,
      "chatbot": false,
      "wame": false,
      "antilink": false,
      "antilinkyt": false,
      "isWelcome": false,
      "antilinkall": false,
      "antiytchannel": false,
      "antitiktok": false,
      "antitelegram": false,
      "antiinstagram": false,
      "antifb": false,
      "antibule": false,
      "antiwame": false,
      "antitwitter": false,
      "antisticker": false,
      "antiphoto": false,
      "antivn": false,
      "antivideo": false,
      "autoblock": false
    },
    "5689490627": {
      "mute": false,
      "chatbot": false,
      "wame": false,
      "antilink": false,
      "antilinkyt": false,
      "isWelcome": false,
      "antilinkall": false,
      "antiytchannel": false,
      "antitiktok": false,
      "antitelegram": false,
      "antiinstagram": false,
      "antifb": false,
      "antibule": false,
      "antiwame": false,
      "antitwitter": false,
      "antisticker": false,
      "antiphoto": false,
      "antivn": false,
      "antivideo": false,
      "autoblock": false
    },
    "6971767183": {
      "mute": false,
      "chatbot": false,
      "wame": false,
      "antilink": false,
      "antilinkyt": false,
      "isWelcome": false,
      "antilinkall": false,
      "antiytchannel": false,
      "antitiktok": false,
      "antitelegram": false,
      "antiinstagram": false,
      "antifb": false,
      "antibule": false,
      "antiwame": false,
      "antitwitter": false,
      "antisticker": false,
      "antiphoto": false,
      "antivn": false,
      "antivideo": false,
      "autoblock": false
    },
    "7424669291": {
      "mute": false,
      "chatbot": false,
      "wame": false,
      "antilink": false,
      "antilinkyt": false,
      "isWelcome": false,
      "antilinkall": false,
      "antiytchannel": false,
      "antitiktok": false,
      "antitelegram": false,
      "antiinstagram": false,
      "antifb": false,
      "antibule": false,
      "antiwame": false,
      "antitwitter": false,
      "antisticker": false,
      "antiphoto": false,
      "antivn": false,
      "antivideo": false,
      "autoblock": false
    },
    "7083910890": {
      "mute": false,
      "chatbot": false,
      "wame": false,
      "antilink": false,
      "antilinkyt": false,
      "isWelcome": false,
      "antilinkall": false,
      "antiytchannel": false,
      "antitiktok": false,
      "antitelegram": false,
      "antiinstagram": false,
      "antifb": false,
      "antibule": false,
      "antiwame": false,
      "antitwitter": false,
      "antisticker": false,
      "antiphoto": false,
      "antivn": false,
      "antivideo": false
    },
    "6574448525": {
      "mute": false,
      "chatbot": false,
      "wame": false,
      "antilink": false,
      "antilinkyt": false,
      "isWelcome": false,
      "antilinkall": false,
      "antiytchannel": false,
      "antitiktok": false,
      "antitelegram": false,
      "antiinstagram": false,
      "antifb": false,
      "antibule": false,
      "antiwame": false,
      "antitwitter": false,
      "antisticker": false,
      "antiphoto": false,
      "antivn": false,
      "antivideo": false,
      "autoblock": false
    },
    "7476522747": {
      "mute": false,
      "chatbot": false,
      "wame": false,
      "antilink": false,
      "antilinkyt": false,
      "isWelcome": false,
      "antilinkall": false,
      "antiytchannel": false,
      "antitiktok": false,
      "antitelegram": false,
      "antiinstagram": false,
      "antifb": false,
      "antibule": false,
      "antiwame": false,
      "antitwitter": false,
      "antisticker": false,
      "antiphoto": false,
      "antivn": false,
      "antivideo": false
    },
    "5978315709": {
      "mute": false,
      "chatbot": false,
      "wame": false,
      "antilink": false,
      "antilinkyt": false,
      "isWelcome": false,
      "antilinkall": false,
      "antiytchannel": false,
      "antitiktok": false,
      "antitelegram": false,
      "antiinstagram": false,
      "antifb": false,
      "antibule": false,
      "antiwame": false,
      "antitwitter": false,
      "antisticker": false,
      "antiphoto": false,
      "antivn": false,
      "antivideo": false
    },
    "7075463523": {
      "mute": false,
      "chatbot": false,
      "wame": false,
      "antilink": false,
      "antilinkyt": false,
      "isWelcome": false,
      "antilinkall": false,
      "antiytchannel": false,
      "antitiktok": false,
      "antitelegram": false,
      "antiinstagram": false,
      "antifb": false,
      "antibule": false,
      "antiwame": false,
      "antitwitter": false,
      "antisticker": false,
      "antiphoto": false,
      "antivn": false,
      "antivideo": false
    },
    "6478719851": {
      "mute": false,
      "chatbot": false,
      "wame": false,
      "antilink": false,
      "antilinkyt": false,
      "isWelcome": false,
      "antilinkall": false,
      "antiytchannel": false,
      "antitiktok": false,
      "antitelegram": false,
      "antiinstagram": false,
      "antifb": false,
      "antibule": false,
      "antiwame": false,
      "antitwitter": false,
      "antisticker": false,
      "antiphoto": false,
      "antivn": false,
      "antivideo": false,
      "autoblock": false
    },
    "6578846039": {
      "mute": false,
      "chatbot": false,
      "wame": false,
      "antilink": false,
      "antilinkyt": false,
      "isWelcome": false,
      "antilinkall": false,
      "antiytchannel": false,
      "antitiktok": false,
      "antitelegram": false,
      "antiinstagram": false,
      "antifb": false,
      "antibule": false,
      "antiwame": false,
      "antitwitter": false,
      "antisticker": false,
      "antiphoto": false,
      "antivn": false,
      "antivideo": false,
      "autoblock": false
    },
    "7501307676": {
      "mute": false,
      "chatbot": false,
      "wame": false,
      "antilink": false,
      "antilinkyt": false,
      "isWelcome": false,
      "antilinkall": false,
      "antiytchannel": false,
      "antitiktok": false,
      "antitelegram": false,
      "antiinstagram": false,
      "antifb": false,
      "antibule": false,
      "antiwame": false,
      "antitwitter": false,
      "antisticker": false,
      "antiphoto": false,
      "antivn": false,
      "antivideo": false,
      "autoblock": false
    },
    "6438827373": {
      "mute": false,
      "chatbot": false,
      "wame": false,
      "antilink": false,
      "antilinkyt": false,
      "isWelcome": false,
      "antilinkall": false,
      "antiytchannel": false,
      "antitiktok": false,
      "antitelegram": false,
      "antiinstagram": false,
      "antifb": false,
      "antibule": false,
      "antiwame": false,
      "antitwitter": false,
      "antisticker": false,
      "antiphoto": false,
      "antivn": false,
      "antivideo": false,
      "autoblock": false
    },
    "7857367357": {
      "mute": false,
      "chatbot": false,
      "wame": false,
      "antilink": false,
      "antilinkyt": false,
      "isWelcome": false,
      "antilinkall": false,
      "antiytchannel": false,
      "antitiktok": false,
      "antitelegram": false,
      "antiinstagram": false,
      "antifb": false,
      "antibule": false,
      "antiwame": false,
      "antitwitter": false,
      "antisticker": false,
      "antiphoto": false,
      "antivn": false,
      "antivideo": false,
      "autoblock": false
    },
    "5968050862": {
      "mute": false,
      "chatbot": false,
      "wame": false,
      "antilink": false,
      "antilinkyt": false,
      "isWelcome": false,
      "antilinkall": false,
      "antiytchannel": false,
      "antitiktok": false,
      "antitelegram": false,
      "antiinstagram": false,
      "antifb": false,
      "antibule": false,
      "antiwame": false,
      "antitwitter": false,
      "antisticker": false,
      "antiphoto": false,
      "antivn": false,
      "antivideo": false,
      "autoblock": false
    },
    "7700320727": {
      "mute": false,
      "chatbot": false,
      "wame": false,
      "antilink": false,
      "antilinkyt": false,
      "isWelcome": false,
      "antilinkall": false,
      "antiytchannel": false,
      "antitiktok": false,
      "antitelegram": false,
      "antiinstagram": false,
      "antifb": false,
      "antibule": false,
      "antiwame": false,
      "antitwitter": false,
      "antisticker": false,
      "antiphoto": false,
      "antivn": false,
      "antivideo": false,
      "autoblock": false
    },
    "7265761373": {
      "mute": false,
      "chatbot": false,
      "wame": false,
      "antilink": false,
      "antilinkyt": false,
      "isWelcome": false,
      "antilinkall": false,
      "antiytchannel": false,
      "antitiktok": false,
      "antitelegram": false,
      "antiinstagram": false,
      "antifb": false,
      "antibule": false,
      "antiwame": false,
      "antitwitter": false,
      "antisticker": false,
      "antiphoto": false,
      "antivn": false,
      "antivideo": false
    },
    "7242290583": {
      "mute": false,
      "chatbot": false,
      "wame": false,
      "antilink": false,
      "antilinkyt": false,
      "isWelcome": false,
      "antilinkall": false,
      "antiytchannel": false,
      "antitiktok": false,
      "antitelegram": false,
      "antiinstagram": false,
      "antifb": false,
      "antibule": false,
      "antiwame": false,
      "antitwitter": false,
      "antisticker": false,
      "antiphoto": false,
      "antivn": false,
      "antivideo": false
    },
    "6569803555": {
      "mute": false,
      "chatbot": false,
      "wame": false,
      "antilink": false,
      "antilinkyt": false,
      "isWelcome": false,
      "antilinkall": false,
      "antiytchannel": false,
      "antitiktok": false,
      "antitelegram": false,
      "antiinstagram": false,
      "antifb": false,
      "antibule": false,
      "antiwame": false,
      "antitwitter": false,
      "antisticker": false,
      "antiphoto": false,
      "antivn": false,
      "antivideo": false,
      "autoblock": false
    },
    "7422342024": {
      "mute": false,
      "chatbot": false,
      "wame": false,
      "antilink": false,
      "antilinkyt": false,
      "isWelcome": false,
      "antilinkall": false,
      "antiytchannel": false,
      "antitiktok": false,
      "antitelegram": false,
      "antiinstagram": false,
      "antifb": false,
      "antibule": false,
      "antiwame": false,
      "antitwitter": false,
      "antisticker": false,
      "antiphoto": false,
      "antivn": false,
      "antivideo": false,
      "autoblock": false
    },
    "7038971892": {
      "mute": false,
      "chatbot": false,
      "wame": false,
      "antilink": false,
      "antilinkyt": false,
      "isWelcome": false,
      "antilinkall": false,
      "antiytchannel": false,
      "antitiktok": false,
      "antitelegram": false,
      "antiinstagram": false,
      "antifb": false,
      "antibule": false,
      "antiwame": false,
      "antitwitter": false,
      "antisticker": false,
      "antiphoto": false,
      "antivn": false,
      "antivideo": false,
      "autoblock": false
    },
    "7695888119": {
      "mute": false,
      "chatbot": false,
      "wame": false,
      "antilink": false,
      "antilinkyt": false,
      "isWelcome": false,
      "antilinkall": false,
      "antiytchannel": false,
      "antitiktok": false,
      "antitelegram": false,
      "antiinstagram": false,
      "antifb": false,
      "antibule": false,
      "antiwame": false,
      "antitwitter": false,
      "antisticker": false,
      "antiphoto": false,
      "antivn": false,
      "antivideo": false,
      "autoblock": false
    },
    "5147463198": {
      "mute": false,
      "chatbot": false,
      "wame": false,
      "antilink": false,
      "antilinkyt": false,
      "isWelcome": false,
      "antilinkall": false,
      "antiytchannel": false,
      "antitiktok": false,
      "antitelegram": false,
      "antiinstagram": false,
      "antifb": false,
      "antibule": false,
      "antiwame": false,
      "antitwitter": false,
      "antisticker": false,
      "antiphoto": false,
      "antivn": false,
      "antivideo": false,
      "autoblock": false
    },
    "7210905394": {
      "mute": false,
      "chatbot": false,
      "wame": false,
      "antilink": false,
      "antilinkyt": false,
      "isWelcome": false,
      "antilinkall": false,
      "antiytchannel": false,
      "antitiktok": false,
      "antitelegram": false,
      "antiinstagram": false,
      "antifb": false,
      "antibule": false,
      "antiwame": false,
      "antitwitter": false,
      "antisticker": false,
      "antiphoto": false,
      "antivn": false,
      "antivideo": false
    },
    "7929107492": {
      "mute": false,
      "chatbot": false,
      "wame": false,
      "antilink": false,
      "antilinkyt": false,
      "isWelcome": false,
      "antilinkall": false,
      "antiytchannel": false,
      "antitiktok": false,
      "antitelegram": false,
      "antiinstagram": false,
      "antifb": false,
      "antibule": false,
      "antiwame": false,
      "antitwitter": false,
      "antisticker": false,
      "antiphoto": false,
      "antivn": false,
      "antivideo": false,
      "autoblock": false
    }
  }
}